Target,Feature,Importance
Insurer_A_price,claim_free_years,14.780224665006308
Insurer_A_price,driver_age_band_18-24,11.998961430410008
Insurer_A_price,payment_frequency_yearly,9.012149336691923
Insurer_A_price,payment_frequency_monthly,8.706104259637588
Insurer_A_price,cfy_standardized_by_province,5.790712378347979
Insurer_A_price,contractor_birthdate,4.600007669192637
Insurer_A_price,coverage_casco,4.3812251370102135
Insurer_A_price,vehicle_fuel_type_petrol,4.26577380817723
Insurer_A_price,vehicle_value_new,4.252148480975692
Insurer_A_price,municipality,4.0850984264737775
Insurer_A_price,vehicle_age,2.863201476360281
Insurer_A_price,Insurer_C_deductible,2.845134699635103
Insurer_A_price,vehicle_net_weight,2.2006998311442776
Insurer_A_price,vehicle_power,2.1826172458255284
Insurer_A_price,vehicle_model,2.088808728860116
Insurer_A_price,urban_amenities_score,1.9362307788153454
Insurer_A_price,log_vehicle_value_new,1.9311863604709851
Insurer_A_price,Insurer_J_deductible,1.4649399133624448
Insurer_A_price,vehicle_gross_weight,1.4179902326626783
Insurer_A_price,combined_risk_score,1.2943676544003495
Insurer_A_price,driver_age_band_25-30,1.2822814208432265
Insurer_A_price,postal_code_owner_occupied_houses_ratio,1.235021336489456
Insurer_A_price,Insurer_G_deductible,1.0278750862840138
Insurer_A_price,Insurer_B_deductible,0.8750222081409164
Insurer_A_price,postal_code_average_property_value,0.838101228833748
Insurer_A_price,coverage_limited_casco,0.7531713121844621
Insurer_A_price,vehicle_number_plate,0.5871213803577665
Insurer_A_price,postal_code_urban_category,0.5131172194992684
Insurer_A_price,driver_age_band_81-90,0.43164866426913
Insurer_A_price,postal_code_address_density,0.3590576296375232
Insurer_B_price,pred_Insurer_A_price,66.95647494251695
Insurer_B_price,coverage_casco,4.392448981163907
Insurer_B_price,cfy_standardized_by_province,4.043844729527563
Insurer_B_price,claim_free_years,3.3885805924675987
Insurer_B_price,vehicle_age,2.9495222789429416
Insurer_B_price,municipality,1.5580604450491564
Insurer_B_price,vehicle_gross_weight,1.404102452269652
Insurer_B_price,Insurer_J_deductible,1.2867280383536897
Insurer_B_price,postal_code,1.185410663637212
Insurer_B_price,contractor_birthdate,1.099522786902832
Insurer_B_price,vehicle_fuel_type_diesel,0.984130193111686
Insurer_B_price,postal_code_latitude,0.9817929797097223
Insurer_B_price,vehicle_power_to_net_weight_ratio,0.9031338878414943
Insurer_B_price,vehicle_net_max_power,0.8396016573840224
Insurer_B_price,vehicle_model,0.8001092193722517
Insurer_B_price,Insurer_B_deductible,0.7378012177221887
Insurer_B_price,municipality_crimes_per_1000,0.7155128284777368
Insurer_B_price,vehicle_nominal_continuous_max_power,0.6826408084455037
Insurer_B_price,postal_code_average_household_size,0.6281717893778589
Insurer_B_price,vehicle_engine_size,0.5953636165376144
Insurer_B_price,Insurer_C_deductible,0.5427841415852528
Insurer_B_price,postal_code_social_benefit_recipients_ratio,0.5365660827775426
Insurer_B_price,postal_code_average_property_value,0.4665064546131642
Insurer_B_price,log_vehicle_value_new,0.4552538389442721
Insurer_B_price,vehicle_value_new,0.4384897113978711
Insurer_B_price,driver_age_band_18-24,0.40464622178008236
Insurer_B_price,vehicle_number_plate,0.37954863465744987
Insurer_B_price,driver_age_band_71-80,0.34846339940389326
Insurer_B_price,driver_age_band_90+,0.2947874060289964
Insurer_C_price,pred_Insurer_A_price,50.62425805546667
Insurer_C_price,pred_Insurer_B_price,19.78018400986923
Insurer_C_price,vehicle_maker,3.371805465448002
Insurer_C_price,municipality,3.2224863452310233
Insurer_C_price,driver_age_band_18-24,2.556538465774364
Insurer_C_price,vehicle_model,2.4773136635486823
Insurer_C_price,vehicle_age,1.718538164629697
Insurer_C_price,province,1.608691755394291
Insurer_C_price,postal_code,1.6004862263400987
Insurer_C_price,vehicle_net_weight,1.4888088405978561
Insurer_C_price,coverage_casco,1.4823615408056763
Insurer_C_price,contractor_birthdate,1.258831982009993
Insurer_C_price,driver_age_band_25-30,1.0604804688456846
Insurer_C_price,vehicle_net_max_power,0.8669912223804788
Insurer_C_price,cfy_standardized_by_province,0.8661497286833354
Insurer_C_price,vehicle_number_of_seats,0.8261598791702328
Insurer_C_price,vehicle_power,0.7640431238906621
Insurer_C_price,vehicle_engine_size,0.7264520615241393
Insurer_C_price,log_vehicle_value_new,0.7045291173925122
Insurer_C_price,postal_code_social_benefit_recipients_ratio,0.5815837811558886
Insurer_C_price,vehicle_value_new,0.489228347208447
Insurer_C_price,vehicle_number_plate,0.4769442207916879
Insurer_C_price,driver_age_band_61-70,0.42407688189504655
Insurer_C_price,quote_id,0.39726584480202515
Insurer_C_price,coverage_limited_casco,0.33350273979213874
Insurer_C_price,Insurer_J_deductible,0.2922880673523404
Insurer_D_price,pred_Insurer_B_price,30.392068259705862
Insurer_D_price,pred_Insurer_A_price,26.481447541847846
Insurer_D_price,pred_Insurer_C_price,11.988967002495851
Insurer_D_price,driver_age_band_18-24,4.155091629579069
Insurer_D_price,claim_free_years,2.459209820567104
Insurer_D_price,vehicle_age,2.0275862921162915
Insurer_D_price,cfy_standardized_by_province,1.786255490459308
Insurer_D_price,Insurer_J_deductible,1.73803228682682
Insurer_D_price,Insurer_H_deductible,1.453388028322341
Insurer_D_price,coverage_mtpl,1.393126063950029
Insurer_D_price,postal_code_urban_category,1.3652362197801167
Insurer_D_price,log_vehicle_value_new,1.1865061590851356
Insurer_D_price,postal_code_latitude,1.1793794968339264
Insurer_D_price,vehicle_planned_annual_mileage,1.1270373244713818
Insurer_D_price,driver_age_band_25-30,1.0672448372398597
Insurer_D_price,coverage_limited_casco,1.0296380299727532
Insurer_D_price,postal_code_multi_family_houses_ratio,1.006591377740485
Insurer_D_price,postal_code,0.9702319827281243
Insurer_D_price,contractor_birthdate,0.919267672661411
Insurer_D_price,vehicle_power,0.8156398641178317
Insurer_D_price,vehicle_nominal_continuous_max_power,0.7719770007930405
Insurer_D_price,vehicle_net_max_power_electric,0.7700879922119359
Insurer_D_price,Insurer_C_deductible,0.732003936522392
Insurer_D_price,province,0.7202212160725497
Insurer_D_price,postal_code_average_property_value,0.6829576549534413
Insurer_D_price,vehicle_number_plate,0.46990470369629206
Insurer_D_price,driver_age_band_71-80,0.36456313694950343
Insurer_D_price,Insurer_B_deductible,0.331936955988954
Insurer_D_price,driver_age_band_90+,0.3138852227392511
Insurer_D_price,driver_age_band_31-40,0.3005167995710708
Insurer_E_price,Insurer_E_deductible,98.37887566305575
Insurer_E_price,pred_Insurer_A_price,0.5473247330105923
Insurer_E_price,pred_Insurer_B_price,0.4148851936993855
Insurer_E_price,pred_Insurer_C_price,0.41113460173145816
Insurer_E_price,pred_Insurer_D_price,0.2477798085028073
Insurer_F_price,pred_Insurer_A_price,24.073535814228862
Insurer_F_price,pred_Insurer_C_price,18.108421694742667
Insurer_F_price,pred_Insurer_D_price,17.666245746376983
Insurer_F_price,pred_Insurer_B_price,16.224809284376832
Insurer_F_price,coverage_limited_casco,3.0142671443669764
Insurer_F_price,coverage_casco,2.503488534171805
Insurer_F_price,vehicle_net_weight,1.5056917563048426
Insurer_F_price,Insurer_J_deductible,1.4834070075281436
Insurer_F_price,Insurer_B_deductible,1.4059972540874206
Insurer_F_price,vehicle_power,1.3221187086602624
Insurer_F_price,cfy_standardized_by_province,1.2852901218201718
Insurer_F_price,vehicle_age,1.2806886507586308
Insurer_F_price,postal_code_social_benefit_recipients_ratio,1.0040081379298942
Insurer_F_price,pred_Insurer_E_price,0.9924612062827964
Insurer_F_price,driver_age_band_18-24,0.9856607856891707
Insurer_F_price,contractor_birthdate,0.9167886734222596
Insurer_F_price,vehicle_fuel_type_petrol,0.8635813701457455
Insurer_F_price,claim_free_years,0.8299278081557945
Insurer_F_price,vehicle_maker,0.8119561343649289
Insurer_F_price,vehicle_value_new,0.7144918258478867
Insurer_F_price,postal_code_owner_occupied_houses_ratio,0.6199288680772732
Insurer_F_price,coverage_mtpl,0.580198329905857
Insurer_F_price,vehicle_number_plate,0.5656042442345758
Insurer_F_price,log_vehicle_value_new,0.4687403106252702
Insurer_F_price,vehicle_power_to_net_weight_ratio,0.38693518091824325
Insurer_F_price,Insurer_H_deductible,0.3857554069767345
Insurer_G_price,pred_Insurer_B_price,48.411824287176685
Insurer_G_price,pred_Insurer_F_price,12.265007053006645
Insurer_G_price,vehicle_age,4.376204882459773
Insurer_G_price,Insurer_G_deductible,4.216583673833801
Insurer_G_price,coverage_mtpl,3.9511861478136914
Insurer_G_price,cfy_standardized_by_province,3.386880546979879
Insurer_G_price,claim_free_years,2.833243489470099
Insurer_G_price,Insurer_A_deductible,2.2333706944177414
Insurer_G_price,pred_Insurer_D_price,2.0712445135305573
Insurer_G_price,Insurer_C_deductible,1.4321014362425575
Insurer_G_price,postal_code_urban_category,1.4220621707815617
Insurer_G_price,urban_amenities_score,1.3077620508627241
Insurer_G_price,log_vehicle_value_new,1.1347249576528218
Insurer_G_price,postal_code_address_density,1.1218757955532939
Insurer_G_price,coverage_limited_casco,1.0011211527180566
Insurer_G_price,postal_code_owner_occupied_houses_ratio,0.8967802308383732
Insurer_G_price,vehicle_model,0.8446614596825897
Insurer_G_price,vehicle_net_weight,0.8068262569130328
Insurer_G_price,vehicle_nominal_continuous_max_power,0.8035096247342208
Insurer_G_price,postal_code_general_practitioners_within_3_km,0.7649724658259756
Insurer_G_price,vehicle_net_max_power_electric,0.6988474948678997
Insurer_G_price,coverage_casco,0.5869784590284546
Insurer_G_price,driver_age_band_18-24,0.5588528562647137
Insurer_G_price,vehicle_score,0.5234099179017403
Insurer_G_price,Insurer_B_deductible,0.453203297398258
Insurer_G_price,driver_age_band_31-40,0.45180760643206497
Insurer_G_price,pred_Insurer_C_price,0.4408144628400045
Insurer_G_price,driver_age_band_61-70,0.39386209214419765
Insurer_G_price,driver_age_band_71-80,0.3405361031959982
Insurer_G_price,postal_code_after_school_cares_within_3_km,0.2697448194325826
Insurer_H_price,coverage_limited_casco,11.916091999901235
Insurer_H_price,pred_Insurer_G_price,9.21695426223768
Insurer_H_price,coverage_mtpl,8.38446487014432
Insurer_H_price,claim_free_years,8.321602493718093
Insurer_H_price,pred_Insurer_C_price,6.962932235882036
Insurer_H_price,driver_age_band_25-30,6.27274953627581
Insurer_H_price,Insurer_B_deductible,6.165101647868482
Insurer_H_price,vehicle_age,5.49291064879873
Insurer_H_price,cfy_standardized_by_province,4.547831677819657
Insurer_H_price,Insurer_C_deductible,3.120921312326614
Insurer_H_price,municipality,2.9616006661510728
Insurer_H_price,pred_Insurer_A_price,2.634735481269482
Insurer_H_price,pred_Insurer_D_price,2.4691742728691346
Insurer_H_price,pred_Insurer_F_price,2.36768623050208
Insurer_H_price,contractor_birthdate,2.3520365804558074
Insurer_H_price,Insurer_J_deductible,2.264557146523228
Insurer_H_price,Insurer_G_deductible,2.007037452044598
Insurer_H_price,pred_Insurer_B_price,1.8571324049290696
Insurer_H_price,Insurer_H_deductible,1.587201923339823
Insurer_H_price,pred_Insurer_E_price,1.4934996358824744
Insurer_H_price,vehicle_power,1.4652068752091907
Insurer_H_price,postal_code_latitude,1.4155806064893197
Insurer_H_price,vehicle_maker,0.959460157911339
Insurer_H_price,postal_code_owner_occupied_houses_ratio,0.9502554678888078
Insurer_H_price,province,0.8289113731699085
Insurer_H_price,vehicle_number_plate,0.8195637690262791
Insurer_H_price,Insurer_A_deductible,0.6956902866490616
Insurer_H_price,vehicle_planned_annual_mileage,0.46910898471664886
Insurer_I_price,pred_Insurer_D_price,32.84509827967822
Insurer_I_price,coverage_mtpl,7.28303680134448
Insurer_I_price,pred_Insurer_C_price,6.582588913389256
Insurer_I_price,coverage_limited_casco,6.420063445945558
Insurer_I_price,Insurer_J_deductible,6.392728260625341
Insurer_I_price,pred_Insurer_A_price,5.382115147650386
Insurer_I_price,pred_Insurer_B_price,4.778197445110442
Insurer_I_price,municipality,4.256302976323967
Insurer_I_price,Insurer_H_deductible,2.3143597648270413
Insurer_I_price,vehicle_age,2.3075745672854913
Insurer_I_price,pred_Insurer_F_price,1.9301613378075786
Insurer_I_price,vehicle_number_plate,1.8292220365748972
Insurer_I_price,driver_age_band_25-30,1.8100504109623947
Insurer_I_price,driver_age_band_18-24,1.704402907561571
Insurer_I_price,pred_Insurer_G_price,1.6359683339460134
Insurer_I_price,Insurer_E_deductible,1.2110754812702613
Insurer_I_price,claim_free_years,1.1911057936166907
Insurer_I_price,postal_code_urban_category,1.177561709980718
Insurer_I_price,postal_code_snackbars_within_3_km,1.171772350601321
Insurer_I_price,postal_code_average_property_value,1.034226424074913
Insurer_I_price,postal_code_address_density,0.9200624937399459
Insurer_I_price,Insurer_G_deductible,0.8865936150399113
Insurer_I_price,log_vehicle_value_new,0.8807700175661867
Insurer_I_price,quote_id,0.7846483557250141
Insurer_I_price,contractor_birthdate,0.5366786533375937
Insurer_I_price,driver_age_band_81-90,0.5220114962785756
Insurer_I_price,driver_age_band_71-80,0.5185090667726558
Insurer_I_price,Insurer_K_deductible,0.4389804170814237
Insurer_I_price,postal_code_social_benefit_recipients_ratio,0.39491484914310915
Insurer_I_price,pred_Insurer_E_price,0.3383513598177992
Insurer_I_price,Insurer_C_deductible,0.26391104639603774
Insurer_I_price,Insurer_B_deductible,0.2569562405253028
Insurer_J_price,pred_Insurer_D_price,22.195829473599
Insurer_J_price,pred_Insurer_B_price,16.662372405323495
Insurer_J_price,driver_age_band_18-24,12.121733105760633
Insurer_J_price,pred_Insurer_A_price,7.5299626644221105
Insurer_J_price,log_vehicle_value_new,6.626630218173891
Insurer_J_price,Insurer_J_deductible,4.064326851288179
Insurer_J_price,vehicle_value_new,3.4700506184184077
Insurer_J_price,claim_free_years,3.1995031386737436
Insurer_J_price,vehicle_net_weight,2.183702956570935
Insurer_J_price,cfy_standardized_by_province,1.7846215777887382
Insurer_J_price,vehicle_power,1.5676352994811413
Insurer_J_price,vehicle_age,1.5107296902084855
Insurer_J_price,postal_code_average_property_value,1.4130397072413536
Insurer_J_price,driver_age_band_31-40,1.2532698786117902
Insurer_J_price,vehicle_model,1.1989111480532915
Insurer_J_price,driver_age_band_71-80,1.1917972266292658
Insurer_J_price,province,1.122687315478358
Insurer_J_price,driver_age_band_41-50,1.0978658952148777
Insurer_J_price,pred_Insurer_G_price,1.0303570109057225
Insurer_J_price,pred_Insurer_H_price,0.9656700948016311
Insurer_J_price,postal_code_latitude,0.9495833372814598
Insurer_J_price,contractor_birthdate,0.940251840204351
Insurer_J_price,vehicle_net_max_power,0.9189948300535973
Insurer_J_price,pred_Insurer_F_price,0.8854585274018252
Insurer_J_price,Insurer_K_deductible,0.7468067209364959
Insurer_J_price,postal_code_owner_occupied_houses_ratio,0.746144044954794
Insurer_J_price,driver_age_band_61-70,0.652585025481945
Insurer_J_price,driver_age_band_51-60,0.6519343912842932
Insurer_J_price,coverage_casco,0.5897899686862855
Insurer_J_price,pred_Insurer_C_price,0.40059810424137987
Insurer_J_price,Insurer_B_deductible,0.3271569328285699
Insurer_K_price,pred_Insurer_D_price,22.231878619136175
Insurer_K_price,pred_Insurer_B_price,21.6960713652991
Insurer_K_price,pred_Insurer_F_price,8.398455523228328
Insurer_K_price,Insurer_K_deductible,5.027526671193616
Insurer_K_price,pred_Insurer_I_price,4.592059532379476
Insurer_K_price,claim_free_years,4.1368331976775305
Insurer_K_price,pred_Insurer_J_price,3.8946657072850956
Insurer_K_price,cfy_standardized_by_province,3.768181980222314
Insurer_K_price,Insurer_H_deductible,2.962875894915425
Insurer_K_price,pred_Insurer_C_price,2.8314793295740244
Insurer_K_price,coverage_limited_casco,2.436871614541496
Insurer_K_price,vehicle_net_weight,1.9139643539182183
Insurer_K_price,Insurer_J_deductible,1.8775262902325927
Insurer_K_price,vehicle_age,1.6398536606316394
Insurer_K_price,postal_code,1.4201206890435518
Insurer_K_price,pred_Insurer_A_price,1.3435053057092874
Insurer_K_price,municipality,1.332510533050295
Insurer_K_price,postal_code_latitude,1.2318580385749167
Insurer_K_price,municipality_crimes_per_1000,1.2292033346805247
Insurer_K_price,vehicle_fuel_type_diesel,1.133276479063911
Insurer_K_price,postal_code_average_property_value,0.8845782617779224
Insurer_K_price,postal_code_distance_to_border,0.8578013950789614
Insurer_K_price,Insurer_G_deductible,0.7466998791447335
Insurer_K_price,driver_age_band_31-40,0.6205592217736354
Insurer_K_price,pred_Insurer_H_price,0.6018616785411005
Insurer_K_price,coverage_mtpl,0.4999666422753453
Insurer_K_price,vehicle_planned_annual_mileage,0.4044866087669697
Insurer_K_price,coverage_casco,0.28532819228378764
